protein_files,wrong_code,spectral_clusters,spectral_clusters_umap,umap_proj_1,umap_proj_2,filtered_clusters,filtered_clusters_umap,clusters_mmseq2_singletron_groupped,right_code,family,subfamily,phage,nick,label_order
ACB97589_merged_all.pdb_relax.pdb,ACB97589,14,9,14.562919,5.693491,14,9,2,AWD91690,Straboviridae,Tevenvirinae,Enterobacteria phage vB_EcoM_IME340,RBP_00,56
ACD75703_merged_all.pdb_relax.pdb,ACD75703,4,3,9.823701,9.362837,4,3,8,QXV80698,Drexlerviridae,Tempevirinae,Escherichia phage JakobBernoulli,RBP_01,23
AEK12502_merged_all.pdb_relax.pdb,AEK12502,4,3,9.691687,8.861309,4,3,8,YP_003912,Drexlerviridae,Tunavirinae,Escherichia phage T1,RBP_02,25
AEM00908_merged_all.pdb_relax.pdb,AEM00908,6,7,13.459285,8.898555,6,7,1,AFU62385,,Ounavirinae,Escherichia phage EC6,RBP_03,10
AEV89340_merged_all.pdb_relax.pdb,AEV89340,1,4,15.571766,8.881592,1,4,19,QXV80938,,Vequintavirinae,Escherichia phage JeffSchatz,RBP_04,37
AEZ65169_merged_all.pdb_relax.pdb,AEZ65169,14,9,14.299846,5.879437,14,9,2,QXV76923,Straboviridae,Tevenvirinae,Escherichia phage ChristianSchoenbein,RBP_05,57
AFH20211_merged_all.pdb_relax.pdb,AFH20211,1,4,15.861357,9.2032995,1,4,19,YP_008530274,,Vequintavirinae,Escherichia phage JES2013,RBP_06,35
AFU62385_merged_all.pdb_relax.pdb,AFU62385,9,6,11.625036,8.287201,9,6,15,QXV77497,,Vequintavirinae,Escherichia phage DrSchubert,RBP_07,13
AGR46195_merged_all.pdb_relax.pdb,AGR46195,8,1,14.154432,4.1454396,8,1,7,YP_008530272,,Vequintavirinae,Escherichia phage JES2013,RBP_08,42
AKA61060_merged_all.pdb_relax.pdb,AKA61060,3,15,9.988943,8.565579,3,15,3,YP_007112629,,Dhillonvirus (genus),Escherichia phage HK578,RBP_09,20
AKO61944_merged_all.pdb_relax.pdb,AKO61944,12,2,14.1945505,6.539207,12,2,20,QXV77928,,Vequintavirinae,Escherichia phage EmilHeitz,RBP_10,60
ANZ50831_merged_all.pdb_relax.pdb,ANZ50831,12,2,14.6060705,6.6103683,12,2,20,QXV82547,,Vequintavirinae,Escherichia phage MaxBurger,RBP_11,61
ASV44893_merged_all.pdb_relax.pdb,ASV44893,11,5,14.694868,8.000577,11,-1,23,CUL02548,Straboviridae,Tevenvirinae,Escherichia phage slur08,RBP_12,59
ATE86506_merged_all.pdb_relax.pdb,ATE86506,7,12,14.643573,6.995593,7,12,-1,QXV79628,Demerecviridae,Markadamsvirinae,Escherichia phage GreteKellenberger,RBP_13,29
AWD91362_merged_all.pdb_relax.pdb,AWD91362,16,8,13.333241,7.88384,16,8,-1,ACB97589,Demerecviridae,Markadamsvirinae,Epseptimavirus EPS7,RBP_14,30
AWD91363_merged_all.pdb_relax.pdb,AWD91363,17,11,12.955612,8.288371,-1,11,-1,CBX44414,,Ounavirinae,Erwinia phage phiEa104,RBP_15,49
AWD91436_merged_all.pdb_relax.pdb,AWD91436,8,1,14.43702,4.4568534,8,1,7,QXV77733,,Vequintavirinae,Escherichia phage navn,RBP_16,44
AWD91690_merged_all.pdb_relax.pdb,AWD91690,4,3,9.613071,9.154517,4,3,8,YP_009824934,Drexlerviridae,Braunvirinae,Escherichia phage vB_EcoS_IME542,RBP_18,21
AWD91693_merged_all.pdb_relax.pdb,AWD91693,1,4,15.843149,9.177485,1,4,19,QXV84116,,Vequintavirinae,Escherichia phage slur16,RBP_66,38
AXC42707_merged_all.pdb_relax.pdb,AXC42707,0,16,16.59087,6.3432508,0,16,9,ANZ50831,Straboviridae,Tevenvirinae,Enterobacteria phage Aplg8,RBP_19,5
CBX44414_merged_all.pdb_relax.pdb,CBX44414,0,0,16.159279,6.1112766,0,0,9,AWD91693,Straboviridae,Tevenvirinae,Enterobacteria phage vB_EcoM_IME340,RBP_20,4
CUL02548_merged_all.pdb_relax.pdb,CUL02548,4,3,9.582903,9.315707,4,3,3,AEV89340,,Dhillonvirus (genus),Shigella phage EP23,RBP_21,17
CUL03178_merged_all.pdb_relax.pdb,CUL03178,5,15,10.571079,8.823967,-1,15,8,QXV79379,Drexlerviridae,Tempevirinae,Escherichia phage FritzSarasin,RBP_22,22
QBO61257_merged_all.pdb_relax.pdb,QBO61257,6,7,13.357182,9.167836,6,7,1,YP_009145700,,Ounavirinae,Citrobacter phage Moogle,RBP_24,8
QBQ80311_merged_all.pdb_relax.pdb,QBQ80311,13,2,14.804914,6.1670666,13,2,12,QXV85920,Straboviridae,Tevenvirinae,Escherichia phage WilhelmHis,RBP_25,54
QBQ80320_merged_all.pdb_relax.pdb,QBQ80320,14,9,14.109756,5.7804704,14,9,11,AWD91436,Straboviridae,Tevenvirinae,Enterobacteria phage vB_EcoM_IME339,RBP_26,52
QBQ80471_merged_all.pdb_relax.pdb,QBQ80471,1,4,15.467512,8.802732,1,4,19,AKO61944,,Vequintavirinae,Escherichia phage APECc02,RBP_27,36
QCQ65468_merged_all.pdb_relax.pdb,QCQ65468,0,16,16.254683,6.54147,0,16,9,AFH20211,Straboviridae,Tevenvirinae,Escherichia phage vB_EcoM_ACG-C40,RBP_28,0
QEA10100_merged_all.pdb_relax.pdb,QEA10100,13,2,14.5085945,5.9817286,13,2,12,QBO61257,Straboviridae,Tevenvirinae,Escherichia phage D5505,RBP_29,53
QEG04509_merged_all.pdb_relax.pdb,QEG04509,15,17,13.423471,6.86023,15,-1,13,QXV77226,Demerecviridae,Markadamsvirinae,Escherichia phage DaisyDussoix,RBP_30,32
QEG11849_merged_all.pdb_relax.pdb,QEG11849,3,3,9.8939905,9.017049,3,3,3,QXV82990,,Dhillonvirus (genus),Escherichia phage Oekolampad,RBP_31,19
QEG11854_merged_all.pdb_relax.pdb,QEG11854,15,8,13.478493,7.3492656,15,8,13,YP_009323872,Demerecviridae,Markadamsvirinae,Salmonella phage 118970_sal2,RBP_32,33
QGK90546_merged_all.pdb_relax.pdb,QGK90546,7,12,14.478446,7.2506175,7,12,14,ASV44893,Drexlerviridae,Tempevirinae,Escherichia phage vB_EcoS-95,RBP_33,64
QHR65043_merged_all.pdb_relax.pdb,QHR65043,9,6,11.064043,8.347221,9,6,15,QXV77132,,Queuovirinae,Escherichia phage ChristophMerian,RBP_34,16
QXV76504_merged_all.pdb_relax.pdb,QXV76504,10,11,12.748483,7.8117323,-1,11,16,QXV78163,,Stephanstirmvirinae,Escherichia phage EmilieFrey,RBP_35,46
QXV76844_merged_all.pdb_relax.pdb,QXV76844,4,3,10.276167,9.236362,4,3,8,YP_004414866,Drexlerviridae,Tunavirinae,Tunavirus Shfl1,RBP_36,26
QXV77132_merged_all.pdb_relax.pdb,QXV77132,14,0,14.927887,5.716209,14,0,11,AEK12502,Straboviridae,Tevenvirinae,Escherichia phage ime09,RBP_38,51
QXV77226_merged_all.pdb_relax.pdb,QXV77226,0,0,15.99364,6.2700105,0,0,9,QXV83111,Straboviridae,Tevenvirinae,Escherichia phage Paracelsus,RBP_39,3
QXV77497_merged_all.pdb_relax.pdb,QXV77497,17,0,15.829509,5.8638797,-1,0,9,QBO61254,Straboviridae,Tevenvirinae,Escherichia phage D5505,RBP_40,1
QXV77506_merged_all.pdb_relax.pdb,QXV77506,2,10,9.16649,8.8326025,2,-1,21,QGK90546,Autographiviridae,Studiervirinae,Salmonella phage C2,RBP_41,39
QXV77928_merged_all.pdb_relax.pdb,QXV77928,9,6,11.336652,8.031614,9,6,15,AKA61060,,Queuovirinae,Enterobacteria phage JenK1,RBP_42,15
QXV78522_merged_all.pdb_relax.pdb,QXV78522,10,13,12.71163,7.3987575,-1,13,16,QBQ80320,,Stephanstirmvirinae,Escherichia phage vB_EcoM_Schickermooser,RBP_44,47
QXV79286_merged_all.pdb_relax.pdb,QXV79286,14,9,14.336055,5.28998,14,9,2,ATE86506,Straboviridae,Tevenvirinae,Shigella phage Sf23,RBP_45,55
QXV79628_merged_all.pdb_relax.pdb,QXV79628,17,12,14.244803,7.5067887,-1,12,14,QEA10100,Drexlerviridae,Tempevirinae,Escherichia phage Henu8,RBP_46,65
QXV80938_merged_all.pdb_relax.pdb,QXV80938,17,16,16.44911,6.102039,-1,16,9,AGR46195,Straboviridae,Tevenvirinae,Yersinia phage PST,RBP_47,2
QXV81162_merged_all.pdb_relax.pdb,QXV81162,2,10,9.206174,8.719248,2,-1,21,QEG11849,Autographiviridae,Studiervirinae,	Klebsiella phage vB_KpnP_Emp27,RBP_48,41
QXV82771_merged_all.pdb_relax.pdb,QXV82771,12,14,15.101307,6.6145177,12,14,-1,QXV79286,,Queuovirinae,Escherichia phage FritzHoffmann,RBP_49,63
QXV82780_merged_all.pdb_relax.pdb,QXV82780,16,8,13.819469,7.847921,16,8,18,QEG11854,Autographiviridae,Studiervirinae,Klebsiella phage vB_KpnP_Emp27,RBP_50,27
QXV82990_merged_all.pdb_relax.pdb,QXV82990,1,4,15.525483,8.963143,1,4,19,AEZ65169,,Vequintavirinae,	Escherichia phage FV3,RBP_51,34
QXV83111_merged_all.pdb_relax.pdb,QXV83111,16,8,13.904588,7.6876907,16,8,18,QXV76844,Autographiviridae,Studiervirinae,Escherichia phage CarlSpitteler,RBP_52,28
QXV85537_merged_all.pdb_relax.pdb,QXV85537,15,17,13.640492,6.5925922,15,-1,13,QCQ65468,Demerecviridae,Markadamsvirinae,	Salmonella phage Seabear,RBP_53,31
QXV85920_merged_all.pdb_relax.pdb,QXV85920,6,7,13.049408,8.928911,6,7,1,AWD91362,,Ounavirinae,Enterobacteria phage vB_EcoM_IME338,RBP_54,11
SMH63897_merged_all.pdb_relax.pdb,SMH63897,5,11,12.259708,8.110642,-1,11,15,CUL03178,,Vequintavirinae,Escherichia phage slur12,RBP_55,12
YP_003912_merged_all.pdb_relax.pdb,YP_003912,8,1,14.387852,4.3467207,8,1,7,QXV82780,,Vequintavirinae,Escherichia phage MaxTheCat,RBP_56,43
YP_004414866_merged_all.pdb_relax.pdb,YP_004414866,12,2,14.351427,6.427322,12,2,20,QXV85537,,Vequintavirinae,Escherichia phage WalterGehring,RBP_57,62
YP_007112629_merged_all.pdb_relax.pdb,YP_007112629,10,13,12.623296,7.391053,-1,13,16,QHR65043,,Stephanstirmvirinae,Escherichia phage ukendt,RBP_58,48
YP_008530272_merged_all.pdb_relax.pdb,YP_008530272,2,10,9.299835,8.441185,2,-1,21,ACD75703,Autographiviridae,Studiervirinae,Salmonella phage phiSG-JL2,RBP_59,40
YP_008530274_merged_all.pdb_relax.pdb,YP_008530274,7,14,14.969347,7.368084,7,14,-1,AWD91363,,Ounavirinae,Enterobacteria phage vB_EcoM_IME338,RBP_60,7
YP_009145700_merged_all.pdb_relax.pdb,YP_009145700,11,5,14.757312,8.20213,11,-1,23,AEM00908,Straboviridae,Tevenvirinae,	Escherichia phage wV7,RBP_61,58
YP_009323872_merged_all.pdb_relax.pdb,YP_009323872,3,15,10.051177,8.634238,3,15,3,QBQ80471,,Dhillonvirus (genus),Escherichia phage vB_EcoS_PTXU06,RBP_62,18
YP_009600425_merged_all.pdb_relax.pdb,YP_009600425,6,7,13.403298,8.923509,6,7,1,YP_009600425,,Ounavirinae,Salmonella phage Mushroom,RBP_63,9
YP_009824934_merged_all.pdb_relax.pdb,YP_009824934,9,6,11.164365,7.9477434,9,6,15,QXV82771,,Vequintavirinae,Escherichia phage MaxTheCat,RBP_64,14
YP_009901592_merged_all.pdb_relax.pdb,YP_009901592,8,1,14.513403,4.2239814,8,1,7,QXV81162,,Vequintavirinae,Escherichia phage JohannBauhin,RBP_65,45
